,Unnamed: 0,Unnamed: 0.1,title,paper_file,video_file,subtitle_file,video_url,data_imported
0,0.0,0.0,Career Mentoring in Online Communities: Seeking and Receiving Advice from an Online Community,3290605.3300883.pdf,./video/0.mp4,./__subtitles/0.srt,https://www.youtube.com/watch?v=bP_XQz5v9Cc,N
1,1.0,1.0,A Mulching Proposal: Analysing and Improving an Algorithmic System for Turning the Elderly into ...,,./video/1.mp4,./__subtitles/1.srt,https://www.youtube.com/watch?v=11e_rpdf-Ck,N
2,2.0,2.0,Speed-Accuracy Tradeoff: A Formal Information-Theoretic Transmission Scheme (FITTS),,./video/2.mp4,./__subtitles/2.srt,https://www.youtube.com/watch?v=3sC5a08I070,N
3,3.0,3.0,From Being There to Watching: Shared and Dedicated Telepresence Robot Usage at Academic Conferences,,./video/3.mp4,./__subtitles/3.srt,https://www.youtube.com/watch?v=wgXZHEgsK1E,N
4,4.0,4.0,Clench Interface: Novel Biting Input Techniques,3290605.3300505.pdf,./video/4.mp4,./__subtitles/4.srt,https://www.youtube.com/watch?v=a0b2IOBasTA,N
5,5.0,5.0,Digital Behaviour Change Interventions to Break and Form Habits,,./video/5.mp4,./__subtitles/5.srt,https://www.youtube.com/watch?v=83_ahNFFt1M,N
6,6.0,6.0,Crowdsourcing Multi-label Audio Annotation Tasks with Citizen Scientists,3290605.3300522.pdf,./video/6.mp4,./__subtitles/6.srt,https://www.youtube.com/watch?v=BWgIWe03vkg,N
7,7.0,7.0,"Autonomous Distributed Energy Systems: Problematising the Invisible through Design, Drama and ...",3290605.3300617.pdf,./video/7.mp4,./__subtitles/7.srt,https://www.youtube.com/watch?v=9wjeUhhDRHw,N
8,8.0,8.0,"Imaginary Studies: A Science Fiction Autoethnography Concerning the Design, Implementation and ...",,./video/8.mp4,./__subtitles/8.srt,https://www.youtube.com/watch?v=0Ee-bqtcBJM,N
9,9.0,9.0,"Measuring the Separability of Shape, Size, and Color in Scatterplots",3290605.3300899.pdf,./video/9.mp4,./__subtitles/9.srt,https://www.youtube.com/watch?v=oFRiEZO_5Dk,N
10,10.0,10.0,"What Happens After Disclosing Stigmatized Experiences on Identified Social Media: Individual, ...",3290605.3300367.pdf,./video/10.mp4,./__subtitles/10.srt,https://www.youtube.com/watch?v=irB1wrlp_4o,N
11,11.0,11.0,The Continued Prevalence of Dichotomous Inferences at CHI,,./video/11.mp4,./__subtitles/11.srt,https://www.youtube.com/watch?v=QT-H4tYKwSw,N
12,12.0,12.0,An Exploration of Bitcoin Mining Practices: Miners' Trust Challenges and Motivations,3290605.3300859.pdf,./video/12.mp4,./__subtitles/12.srt,https://www.youtube.com/watch?v=In6-k1pQ-Pw,N
13,13.0,13.0,VoiceAssist: Guiding Users to High-Quality Voice Recordings,prem-chi2019.pdf,./video/13.mp4,./__subtitles/13.srt,https://www.youtube.com/watch?v=-hbgnySmrkw,N
14,14.0,14.0,Pulp Friction: Exploring the Finger Pad Periphery for Subtle Haptic Feedback,3290605.3300871.pdf,./video/14.mp4,./__subtitles/14.srt,https://www.youtube.com/watch?v=6URV20QiWik,N
15,15.0,15.0,Magnetips: Combining Fingertip Tracking and Haptic Feedback for Around-Device Interaction,paper408.pdf,./video/15.mp4,./__subtitles/15.srt,https://www.youtube.com/watch?v=eI34NHo5WFc,N
16,16.0,16.0,Online Grocery Delivery Services: An Opportunity to Address Food Disparities in ...,online_grocery.pdf,./video/16.mp4,./__subtitles/16.srt,https://www.youtube.com/watch?v=33hFNr9_NUY,N
17,17.0,17.0,Ethical Mediation in UX Practice,3290605.3300408.pdf,./video/17.mp4,./__subtitles/17.srt,https://www.youtube.com/watch?v=RY4Zol4zLMI,N
18,18.0,18.0,Communication Breakdowns Between Families and Alexa,3290605.3300473.pdf,./video/18.mp4,./__subtitles/18.srt,https://www.youtube.com/watch?v=OWheOorTI88,N
19,19.0,19.0,Leveraging Distal Vibrotactile Feedback for Target Acquisition,leveraging_distal_vibrotactile.pdf,./video/19.mp4,./__subtitles/19.srt,https://www.youtube.com/watch?v=wtDrc6Pi_vs,N
20,20.0,20.0,Analyzing Value Discovery in Design Decisions Through Ethicography,3290605.3300307.pdf,./video/20.mp4,./__subtitles/20.srt,https://www.youtube.com/watch?v=3lV3YQUvyyY,N
21,21.0,21.0,Saliency Deficit and Motion Outlier Detection in Animated Scatterplots,3290605.3300771.pdf,./video/21.mp4,./__subtitles/21.srt,https://www.youtube.com/watch?v=I1dz--XrUG0,N
22,22.0,22.0,Preemptive Action: Accelerating Human Reaction using Electrical Muscle Stimulation Without ...,Preemptive Action: Accelerating Human Reaction using Electrical Muscle Stimulation Without ...,./video/22.mp4,./__subtitles/22.srt,https://www.youtube.com/watch?v=Dezd0esBK0E,N
23,23.0,23.0,Participatory Design of a Virtual Reality-Based Reentry Training with a Women's Prison,,./video/23.mp4,./__subtitles/23.srt,https://www.youtube.com/watch?v=i7kipIN2K6k,N
24,24.0,24.0,Neighborhood Perception in Bar Charts,Neighborhood Perception in Bar Charts,./video/24.mp4,./__subtitles/24.srt,https://www.youtube.com/watch?v=MkxIZNPbPkk,N
25,25.0,25.0,Towards Metrics of Meaningfulness for Tech Practitioners,,./video/25.mp4,./__subtitles/25.srt,https://www.youtube.com/watch?v=-opimyihD9U,N
26,26.0,26.0,ChewIt. An Intraoral Interface for Discreet Interactions,3290605.3300556.pdf,./video/26.mp4,./__subtitles/26.srt,https://www.youtube.com/watch?v=jl0RS_VIe3g,N
27,27.0,27.0,Vocal Shortcuts for Creative Experts,Vocal Shortcuts for Creative Experts,./video/27.mp4,./__subtitles/27.srt,https://www.youtube.com/watch?v=66gx5c6aPQ0,N
28,28.0,28.0,Ranked-List Visualization: A Graphical Perception Study,ranked-list.pdf,./video/28.mp4,./__subtitles/28.srt,https://www.youtube.com/watch?v=9udzJG2b-Wc,N
29,29.0,29.0,Emotional Utility and Recall of the Facebook News Feed,3290605.3300252.pdf,./video/29.mp4,./__subtitles/29.srt,https://www.youtube.com/watch?v=TZ6z8rTt69g,N
30,30.0,30.0,Triptech: A Method for Evaluating Early Design Concepts,,./video/30.mp4,./__subtitles/30.srt,https://www.youtube.com/watch?v=O5Gx1CFp0-Y,N
31,31.0,31.0,Beyond Behavior: The Coach's Perspective on Technology in Health Coaching,3290605.3300900.pdf,./video/31.mp4,./__subtitles/31.srt,https://www.youtube.com/watch?v=oxorAXoEmf8,N
32,32.0,32.0,"Springlets: Expressive, Flexible and Silent On-Skin Tactile Interfaces",hamdan2019a.pdf,./video/32.mp4,./__subtitles/32.srt,https://www.youtube.com/watch?v=a6vAbQd4AnU,N
33,33.0,33.0,SottoVoce: An Ultrasound Imaging-Based Silent Speech Interaction Using Deep Neural Networks,sottovoce_preprint.pdf,./video/33.mp4,./__subtitles/33.srt,https://www.youtube.com/watch?v=j5xWL4MpB0U,N
34,34.0,34.0,VARI-SOUND: A Varifocal Lens for Sound,paper483.pdf,./video/34.mp4,./__subtitles/34.srt,https://www.youtube.com/watch?v=T8d6VnuYBRE,N
35,35.0,35.0,Crowdworker Economics in the Gig Economy,3290605.3300621.pdf,./video/35.mp4,./__subtitles/35.srt,https://www.youtube.com/watch?v=S8KQVzMabSg,N
36,36.0,36.0,Augmenting Couples' Communication with Lifelines: Shared Timelines of Mixed Contextual Information,3290605.3300853.pdf,./video/36.mp4,./__subtitles/36.srt,https://www.youtube.com/watch?v=wFb8w7mPEsQ,N
37,37.0,37.0,SIGCHI Research Ethics Town Hall,,./video/37.mp4,./__subtitles/37.srt,https://www.youtube.com/watch?v=DP1lDXtI5lE,N
38,38.0,38.0,A Change of Perspective: Designing the Automated Vehicle as a New Social Actor in a Public Space,,./video/38.mp4,./__subtitles/38.srt,https://www.youtube.com/watch?v=SmnSU4QceSk,N
39,39.0,39.0,Lab Hackathons to Overcome Laboratory Equipment Shortages in Africa: Opportunities and Challenges,,./video/39.mp4,./__subtitles/39.srt,https://www.youtube.com/watch?v=PlSGBQNw19w,N
40,40.0,40.0,Reveal: Investigating Proactive Location-Based Reminiscing with Personal Digital Photo Repositories,paper435.pdf,./video/40.mp4,./__subtitles/40.srt,https://www.youtube.com/watch?v=s1YPKeVpqvw,N
41,41.0,41.0,Understanding Abusive Behaviour Between Online and Offline Group Discussions,,./video/41.mp4,./__subtitles/41.srt,https://www.youtube.com/watch?v=JumPCd2jeQE,N
42,42.0,42.0,Nurturing Constructive Disagreement - Agonistic Design with Neurodiverse Children,paper271.pdf,./video/42.mp4,./__subtitles/42.srt,https://www.youtube.com/watch?v=48Qo2SUcvM4,N
43,43.0,43.0,Why Do You Need This? Selective Disclosure of Data Among Citizen Scientists,Cox_paper392.pdf,./video/43.mp4,./__subtitles/43.srt,https://www.youtube.com/watch?v=skiexlNxdaQ,N
44,44.0,44.0,"Understanding Digitally-Mediated Empathy: An Exploration of Visual, Narrative, and Biosensory ...",digitally_mediated.pdf,./video/44.mp4,./__subtitles/44.srt,https://www.youtube.com/watch?v=K73358n7dqI,N
45,45.0,45.0,Explorations on Single Usability Metrics,,./video/45.mp4,./__subtitles/45.srt,https://www.youtube.com/watch?v=WQSJi95wEOk,N
46,46.0,46.0,Interferi: Gesture Sensing using On-Body Acoustic Interferometry,Interferi.pdf,./video/46.mp4,./__subtitles/46.srt,https://www.youtube.com/watch?v=xBpBBpQh7GI,N
47,47.0,47.0,Bringing Shades of Feminism to Human-Centered Computing,,./video/47.mp4,./__subtitles/47.srt,https://www.youtube.com/watch?v=SN7xUEYCKmU,N
48,48.0,48.0,Designing an Informal Learning Curriculum to Develop 3D Modeling Knowledge and Improve Spatial ...,,./video/48.mp4,./__subtitles/48.srt,https://www.youtube.com/watch?v=9N1zyJ65Zhk,N
49,49.0,49.0,Navigating Ride-Sharing Regulations: How Regulations Changed the 'Gig' of Ride-Sharing for ...,3290605.3300366.pdf,./video/49.mp4,./__subtitles/49.srt,https://www.youtube.com/watch?v=7cV4xlsEeks,N
50,50.0,50.0,Countermeasures: Learning to Lie to Objects,,./video/50.mp4,./__subtitles/50.srt,https://www.youtube.com/watch?v=XM6v00NFGHI,N
51,51.0,51.0,Factitious: Large Scale Computer Game to Fight Fake News and Improve News Literacy,,./video/51.mp4,./__subtitles/51.srt,https://www.youtube.com/watch?v=tW_Mdo4tKzw,N
52,52.0,52.0,Towards Novel Urban Planning Methods -- Using Eye-tracking Systems to Understand Human Attention ...,,./video/52.mp4,./__subtitles/52.srt,https://www.youtube.com/watch?v=jh07Xwl6SVY,N
53,53.0,53.0,SENSEI: Harnessing Community Wisdom for Local Environmental Monitoring in Finland,,./video/53.mp4,./__subtitles/53.srt,https://www.youtube.com/watch?v=fvqMZHiFFfI,N
54,54.0,54.0,Lessons Learned from Research via Private Social Media Groups,,./video/54.mp4,./__subtitles/54.srt,https://www.youtube.com/watch?v=bwWrOZdxIsw,N
55,55.0,55.0,Providing Access to VR Through a Wheelchair,,./video/55.mp4,./__subtitles/55.srt,https://www.youtube.com/watch?v=T3xQVeHYV44,N
56,56.0,56.0,How to Carry Out Usability Studies with Visually Impaired Children,,./video/56.mp4,./__subtitles/56.srt,https://www.youtube.com/watch?v=4FPuZj3tHJ4,N
57,57.0,57.0,"""TechShops"" Engaging Young Adults with Intellectual Disability in Exploratory Design Research",,./video/57.mp4,./__subtitles/57.srt,https://www.youtube.com/watch?v=OnYAUe7xp-c,N
58,58.0,58.0,Young Children's Reading and Learning with Conversational Agents,,./video/58.mp4,./__subtitles/58.srt,https://www.youtube.com/watch?v=Xtn1cUnUXn8,N
59,59.0,59.0,Children's Reflection in Action with DIY,,./video/59.mp4,./__subtitles/59.srt,https://www.youtube.com/watch?v=MvgGzZD-cQs,N
60,60.0,60.0,Teaching Data Visualization and Storytelling with Data Comic Workshops,,./video/60.mp4,./__subtitles/60.srt,https://www.youtube.com/watch?v=XAMBfyaWjsI,N
61,61.0,61.0,Effects of Participatory Evaluation – A Critical Actor-Network Analysis,,./video/61.mp4,./__subtitles/61.srt,https://www.youtube.com/watch?v=cMXf91FWQGU,N
62,62.0,62.0,Multimodal Speech-based Dialogue for the Mini-Mental State Examination,,./video/62.mp4,./__subtitles/62.srt,https://www.youtube.com/watch?v=NSc1wN89c-A,N
63,63.0,63.0,Social Media as a Passive Sensor in Longitudinal Studies of Human Behavior and Wellbeing,,./video/63.mp4,./__subtitles/63.srt,https://www.youtube.com/watch?v=aHzd6HxnGB4,N
64,64.0,64.0,ROOT: A Multidisciplinary Approach to Urban Health Challenges with HCI,,./video/64.mp4,./__subtitles/64.srt,https://www.youtube.com/watch?v=MMXscPUXBsk,N
65,65.0,65.0,HCI and Menopause: Designing With and Around the Aging Body,,./video/65.mp4,./__subtitles/65.srt,https://www.youtube.com/watch?v=wDtIjySKaaU,N
66,66.0,66.0,Should I Interfere? AI-Assistants' Interaction with Knowledge Workers: A Case Study in the Oil ...,,./video/66.mp4,./__subtitles/66.srt,https://www.youtube.com/watch?v=CZnpYTFWekk,N
67,67.0,67.0,Identifying the Intersections: User Experience + Research Scientist Collaboration in a ...,,./video/67.mp4,./__subtitles/67.srt,https://www.youtube.com/watch?v=EtQPmBTgeA4,N
68,68.0,68.0,When Users Assist the Voice Assistants: From Supervision to Failure Resolution,,./video/68.mp4,./__subtitles/68.srt,https://www.youtube.com/watch?v=S99_5eZkGJQ,N
69,69.0,69.0,Building Together: When Research Went Viral at Uber,,./video/69.mp4,./__subtitles/69.srt,https://www.youtube.com/watch?v=b_R259Xqs24,N
70,70.0,70.0,From the Lab to the OB Truck: Object-Based Broadcasting at the FA Cup in Wembley Stadium,,./video/70.mp4,./__subtitles/70.srt,https://www.youtube.com/watch?v=0dbr23kR4Pg,N
71,71.0,71.0,"The Tesserae Project: Large-Scale, Longitudinal, In Situ, Multimodal Sensing of Information Workers",,./video/71.mp4,./__subtitles/71.srt,https://www.youtube.com/watch?v=dJaorBy-buU,N
72,72.0,72.0,Modeling Mobile Interface Tappability Using Crowdsourcing and Deep Learning,3290605.3300305.pdf,./video/72.mp4,./__subtitles/72.srt,https://www.youtube.com/watch?v=Tq3X609yo44,N
73,73.0,73.0,Design Guideline for Developing Safe Systems that Apply Electricity to the Human Body,,./video/73.mp4,./__subtitles/73.srt,https://www.youtube.com/watch?v=LEkOauR1Kog,N
74,74.0,74.0,TORC: A Virtual Reality Controller for In-Hand High-Dexterity Finger Interaction,,./video/74.mp4,./__subtitles/74.srt,https://www.youtube.com/watch?v=1rmCbZlZEaY,N
75,75.0,75.0,The Performative Mirror Space,3290605.3300301.pdf,./video/75.mp4,./__subtitles/75.srt,https://www.youtube.com/watch?v=DeaoSEsjZEw,N
76,76.0,76.0,The Future of Tangible User Interfaces,,./video/76.mp4,./__subtitles/76.srt,https://www.youtube.com/watch?v=ZI7NMICieII,N
77,77.0,77.0,Careers in HCI and UX: The Digital Transformation from Craft to Strategy,,./video/77.mp4,./__subtitles/77.srt,https://www.youtube.com/watch?v=rWlP09H5N4g,N
78,78.0,78.0,Steering Performance with Error-accepting Delays,3290605.3300800.pdf,./video/78.mp4,./__subtitles/78.srt,https://www.youtube.com/watch?v=N2C5NLnMhJs,N
79,79.0,79.0,Text Entry Throughput: Towards Unifying Speed and Accuracy in a Single Performance Metric,,./video/79.mp4,./__subtitles/79.srt,https://www.youtube.com/watch?v=zFxdOLkI1dw,N
80,80.0,80.0,Understanding and Modeling User-Perceived Brand Personality from Mobile Application UIs,,./video/80.mp4,./__subtitles/80.srt,https://www.youtube.com/watch?v=01fuEs2UA4c,N
81,81.0,81.0,An Analytic Model for Time Efficient Personal Hierarchies,,./video/81.mp4,./__subtitles/81.srt,https://www.youtube.com/watch?v=oYTnveuVd0Q,N
82,82.0,82.0,Is Now A Good Time? An Empirical Study of Vehicle-Driver Communication Timing,,./video/82.mp4,./__subtitles/82.srt,https://www.youtube.com/watch?v=AHhaJ4DMoV8,N
83,83.0,83.0,"How to Work in the Car of the Future? A Neuroergonomical Study Assessing Concentration, ...",,./video/83.mp4,./__subtitles/83.srt,https://www.youtube.com/watch?v=6FByK43a-AI,N
84,84.0,84.0,An Exploration of Speech-Based Productivity Support in the Car,,./video/84.mp4,./__subtitles/84.srt,https://www.youtube.com/watch?v=cKfW86z8qCA,N
85,85.0,85.0,Around the (Virtual) World: Infinite Walking in Virtual Reality Using Electrical Muscle Stimulation,,./video/85.mp4,./__subtitles/85.srt,https://www.youtube.com/watch?v=EslqHPBSs3c,N
86,86.0,86.0,Personalising the TV Experience using Augmented Reality: An Exploratory Study on Delivering ...,,./video/86.mp4,./__subtitles/86.srt,https://www.youtube.com/watch?v=9WiXi0qEPIo,N
87,87.0,87.0,"VirtualBricks: Exploring a Scalable, Modular Toolkit for Enabling Physical Manipulation in VR",,./video/87.mp4,./__subtitles/87.srt,https://www.youtube.com/watch?v=9Tt7H0_EHh4,N
88,88.0,88.0,A Review & Analysis of Mindfulness Research in HCI: Framing Current Lines of Research and Future ...,,./video/88.mp4,./__subtitles/88.srt,https://www.youtube.com/watch?v=daeguU9f2t0,N
89,89.0,89.0,"Threats, Abuses, Flirting, and Blackmail: Gender Inequity in Social Media Voice Forums",,./video/89.mp4,./__subtitles/89.srt,https://www.youtube.com/watch?v=IA7fo7poqyk,N
90,90.0,90.0,AutoFritz: Autocomplete for Prototyping Virtual Breadboard Circuits,,./video/90.mp4,./__subtitles/90.srt,https://www.youtube.com/watch?v=SNFGHlzmA8k,N
91,91.0,91.0,Resilient Chatbots: Repair Strategy Preferences for Conversational Breakdowns,,./video/91.mp4,./__subtitles/91.srt,https://www.youtube.com/watch?v=yFDwi83p-UI,N
92,92.0,92.0,Implementing Multi-Touch Gestures with Touch Groups and Cross Events,,./video/92.mp4,./__subtitles/92.srt,https://www.youtube.com/watch?v=didYdY83zoc,N
93,93.0,93.0,"Rigor, Relevance and Impact: The Tensions and Trade-Offs Between Research in the Lab and in the Wild",,./video/93.mp4,./__subtitles/93.srt,https://www.youtube.com/watch?v=ffWRIRQwMoU,N
94,94.0,94.0,Beyond Schematic Capture: Meaningful Abstractions for Better Electronics Design Tools,,./video/94.mp4,./__subtitles/94.srt,https://www.youtube.com/watch?v=cm7mVGWaAyU,N
95,95.0,95.0,Using Time and Space Efficiently in Driverless Cars: Findings of a Co-Design Study,,./video/95.mp4,./__subtitles/95.srt,https://www.youtube.com/watch?v=sNCwrR-lefk,N
96,96.0,96.0,i'sFree: Eyes-Free Gesture Typing via a Touch-Enabled Remote Control,,./video/96.mp4,./__subtitles/96.srt,https://www.youtube.com/watch?v=hddqVTPiP38,N
97,97.0,97.0,A Rough Sketch of the Freehand Drawing Process: Blending the Line between Action and Artifact,,./video/97.mp4,./__subtitles/97.srt,https://www.youtube.com/watch?v=qyZLBfIgrtc,N
98,98.0,98.0,Mapping the Landscape of Creativity Support Tools in HCI,,./video/98.mp4,./__subtitles/98.srt,https://www.youtube.com/watch?v=l2WyF9mhFaM,N
99,99.0,99.0,23 Ways to Nudge: A Review of Technology-Mediated Nudging in Human-Computer Interaction,,./video/99.mp4,./__subtitles/99.srt,https://www.youtube.com/watch?v=-U3Bo7KR108,N
100,100.0,100.0,What Makes a Good Conversation? Challenges in Designing Truly Conversational Agents,,./video/100.mp4,./__subtitles/100.srt,https://www.youtube.com/watch?v=QrESSP5Jrps,N
101,101.0,101.0,In a Silent Way: Communication Between AI and Improvising Musicians Beyond Sound,,./video/101.mp4,./__subtitles/101.srt,https://www.youtube.com/watch?v=r5KA1Jo_vYU,N
102,102.0,102.0,From Gender Biases to Gender-Inclusive Design: An Empirical Investigation,,./video/102.mp4,./__subtitles/102.srt,https://www.youtube.com/watch?v=WUiUwsVJ39c,N
103,103.0,103.0,"Instrumenting and Analyzing Fabrication Activities, Users, and Expertise",,./video/103.mp4,./__subtitles/103.srt,https://www.youtube.com/watch?v=aViHKozRyC4,N
104,104.0,104.0,Together in Bed? Couples' Mobile Technology Use in Bed,,./video/104.mp4,./__subtitles/104.srt,https://www.youtube.com/watch?v=2N5gGoo1uoA,N
105,105.0,105.0,FTVR in VR: Evaluation of 3D Perception With a Simulated Volumetric Fish-Tank Virtual Reality ...,,./video/105.mp4,./__subtitles/105.srt,https://www.youtube.com/watch?v=071I_uohryQ,N
106,106.0,106.0,VIPBoard: Improving Screen-Reader Keyboard for Visually Impaired People with Character-Level ...,,./video/106.mp4,./__subtitles/106.srt,https://www.youtube.com/watch?v=NXiygBuGhsc,N
107,107.0,107.0,Pinpoint: A PCB Debugging Pipeline Using Interruptible Routing and Instrumentation,,./video/107.mp4,./__subtitles/107.srt,https://www.youtube.com/watch?v=iCCLaw3hXxw,N
108,108.0,108.0,Direct Finger Manipulation of 3D Object Image with Ultrasound Haptic Feedback,,./video/108.mp4,./__subtitles/108.srt,https://www.youtube.com/watch?v=DrUfwi_0huU,N
109,109.0,109.0,Self-Control in Cyberspace: Applying Dual Systems Theory to a Review of Digital Self-Control Tools,,./video/109.mp4,./__subtitles/109.srt,https://www.youtube.com/watch?v=sJf_F7faczU,N
110,110.0,110.0,Will You Accept an Imperfect AI? Exploring Designs for Adjusting End-user Expectations of ...,,./video/110.mp4,./__subtitles/110.srt,https://www.youtube.com/watch?v=y-4ZvxPFaCs,N
111,111.0,111.0,Sampling Strategy for Ultrasonic Mid-Air Haptics,,./video/111.mp4,./__subtitles/111.srt,https://www.youtube.com/watch?v=zHeGCzLgqFI,N
112,112.0,112.0,Exploring Virtual Agents for Augmented Reality,,./video/112.mp4,./__subtitles/112.srt,https://www.youtube.com/watch?v=UO7m89mFM2A,N
113,113.0,113.0,VelociWatch: Designing and Evaluating a Virtual Keyboard for the Input of Challenging Text,,./video/113.mp4,./__subtitles/113.srt,https://www.youtube.com/watch?v=O5TBQbxFMfA,N
114,114.0,114.0,HotStrokes: Word-Gesture Shortcuts on a Trackpad,,./video/114.mp4,./__subtitles/114.srt,https://www.youtube.com/watch?v=iSQYejYs1fg,N
115,115.0,115.0,Designing Theory-Driven User-Centric Explainable AI,,./video/115.mp4,./__subtitles/115.srt,https://www.youtube.com/watch?v=RS7jP-6AHck,N
116,116.0,116.0,Egocentric Smaller-person Experience through a Change in Visual Perspective,,./video/116.mp4,./__subtitles/116.srt,https://www.youtube.com/watch?v=qiGOvoS83Qs,N
117,117.0,117.0,"Protection, Productivity and Pleasure in the Smart Home: Emerging Expectations and Gendered ...",,./video/117.mp4,./__subtitles/117.srt,https://www.youtube.com/watch?v=-xpsXmlqKpU,N
118,118.0,118.0,Metaphoria: An Algorithmic Companion for Metaphor Creation,,./video/118.mp4,./__subtitles/118.srt,https://www.youtube.com/watch?v=kyFipX3y5Sk,N
119,119.0,119.0,A Design Space for Gaze Interaction on Head-mounted Displays,,./video/119.mp4,./__subtitles/119.srt,https://www.youtube.com/watch?v=91VMIz6MAZ8,N
120,120.0,120.0,Augmented Reality Views for Occluded Interaction,,./video/120.mp4,./__subtitles/120.srt,https://www.youtube.com/watch?v=nxf6xW_z_s4,N
121,121.0,121.0,Understanding the Social Acceptability of Mobile Devices using the Stereotype Content Model,,./video/121.mp4,./__subtitles/121.srt,https://www.youtube.com/watch?v=59h-efcue9I,N
122,122.0,122.0,Empowering Expression for Users with Aphasia through Constrained Creativity,,./video/122.mp4,./__subtitles/122.srt,https://www.youtube.com/watch?v=xHkhdD-Ek58,N
123,123.0,123.0,May AI? Design Ideation with Cooperative Contextual Bandits,,./video/123.mp4,./__subtitles/123.srt,https://www.youtube.com/watch?v=77-UFZZD3GQ,N
124,124.0,124.0,Caring for Vincent: A Chatbot for Self-Compassion,,./video/124.mp4,./__subtitles/124.srt,https://www.youtube.com/watch?v=AQZo1JpxkcA,N
125,125.0,125.0,The Role of Physical Props in VR Climbing Environments,,./video/125.mp4,./__subtitles/125.srt,https://www.youtube.com/watch?v=5iVaj1CPDXo,N
126,126.0,126.0,"""Like Popcorn"": Crossmodal Correspondences Between Scents, 3D Shapes and Emotions in Children",,./video/126.mp4,./__subtitles/126.srt,https://www.youtube.com/watch?v=4auFYl17k0A,N
127,127.0,127.0,Power Struggles and Disciplined Designers – A Nexus Analytic Inquiry on Cross-Disciplinary ...,,./video/127.mp4,./__subtitles/127.srt,https://www.youtube.com/watch?v=bSPU84SGG2c,N
128,128.0,128.0,Hackathons as Participatory Design: Iterating Feminist Utopias,,./video/128.mp4,./__subtitles/128.srt,https://www.youtube.com/watch?v=22EeXYm9BZI,N
129,129.0,129.0,Blockchain Assemblages: Whiteboxing Technology and Transforming Infrastructural Imaginaries,,./video/129.mp4,./__subtitles/129.srt,https://www.youtube.com/watch?v=QNEFdcc9_9g,N
130,130.0,130.0,Gamified Ads: Bridging the Gap Between User Enjoyment and the Effectiveness of Online Ads,,./video/130.mp4,./__subtitles/130.srt,https://www.youtube.com/watch?v=_ChjZ7FDUg0,N
131,131.0,131.0,Hands Holding Clues for Object Recognition in Teachable Machines,,./video/131.mp4,./__subtitles/131.srt,https://www.youtube.com/watch?v=4NBuqmwUryk,N
132,132.0,132.0,HistoryTracker: Minimizing Human Interactions in Baseball Game Annotation,,./video/132.mp4,./__subtitles/132.srt,https://www.youtube.com/watch?v=pmLnEUfGCgI,N
133,133.0,133.0,Ten-Minute Silence: A New Notification UX of Mobile Instant Messenger,,./video/133.mp4,./__subtitles/133.srt,https://www.youtube.com/watch?v=Jfp_cOSH_6k,N
134,134.0,134.0,Managerial Visions: Stories of Upgrading and Maintaining the Public Restroom with IoT,,./video/134.mp4,./__subtitles/134.srt,https://www.youtube.com/watch?v=63RiUC3mhpE,N
135,135.0,135.0,Engaging Gentrification as a Social Justice Issue in HCI,,./video/135.mp4,./__subtitles/135.srt,https://www.youtube.com/watch?v=LzqGN1Q9V-E,N
136,136.0,136.0,RotoSwype: Word-Gesture Typing using a Ring,,./video/136.mp4,./__subtitles/136.srt,https://www.youtube.com/watch?v=qyHb4uPV8xw,N
137,137.0,137.0,Thinking Too Classically: Toward a Research Agenda for Human-Quantum Computer Interaction,,./video/137.mp4,./__subtitles/137.srt,https://www.youtube.com/watch?v=d931sBoW1xI,N
138,138.0,138.0,360proto: Making Interactive Virtual Reality & Augmented Reality Prototypes from Paper,,./video/138.mp4,./__subtitles/138.srt,https://www.youtube.com/watch?v=CY9xwOA5cmQ,N
139,139.0,139.0,"The Promise of Empathy: Design, Disability, and Knowing the 'Other'",,./video/139.mp4,./__subtitles/139.srt,https://www.youtube.com/watch?v=2dG_919Nyeo,N
140,140.0,140.0,"A Badge, Not a Barrier: Designing for–and Throughout–Digital Badge Implementation",,./video/140.mp4,./__subtitles/140.srt,https://www.youtube.com/watch?v=HxMSkH5ZpZI,N
141,141.0,141.0,Emotion Work in Experience-Centered Design,,./video/141.mp4,./__subtitles/141.srt,https://www.youtube.com/watch?v=dfZy625qb1M,N
142,142.0,142.0,Older People Inventing their Personal Internet of Things with the IoT Un-Kit Experience,,./video/142.mp4,./__subtitles/142.srt,https://www.youtube.com/watch?v=U3nOwgiEb3w,N
143,143.0,143.0,Gamification in Science: A Study of Requirements in the Context of Reproducible Research,,./video/143.mp4,./__subtitles/143.srt,https://www.youtube.com/watch?v=IlC0LxNNFAw,N
144,144.0,144.0,ForceRay: Extending Thumb Reach via Force Input Stabilizes Device Grip for Mobile Touch Input,,./video/144.mp4,./__subtitles/144.srt,https://www.youtube.com/watch?v=j0-WKQkVLW8,N
145,145.0,145.0,Engaging Lived and Virtual Realities,,./video/145.mp4,./__subtitles/145.srt,https://www.youtube.com/watch?v=VvWWRQ5kQR8,N
146,146.0,146.0,Pictorial System Usability Scale (P-SUS): Developing an Instrument for Measuring Perceived Usability,,./video/146.mp4,./__subtitles/146.srt,https://www.youtube.com/watch?v=cKfAFBxiFCw,N
147,147.0,147.0,Evaluation of Appearance-Based Methods and Implications for Gaze-Based Applications,,./video/147.mp4,./__subtitles/147.srt,https://www.youtube.com/watch?v=l8S1bQGYJdk,N
148,148.0,148.0,Sensing Posture-Aware Pen+Touch Interaction on Tablets,,./video/148.mp4,./__subtitles/148.srt,https://www.youtube.com/watch?v=m3MA8z6zPAk,N
149,149.0,149.0,Transformation through Provocation?,,./video/149.mp4,./__subtitles/149.srt,https://www.youtube.com/watch?v=A-ct74ysMO0,N
150,150.0,150.0,HapTwist: Creating Interactive Haptic Proxies in Virtual Reality Using Low-cost Twistable Artefacts,,./video/150.mp4,./__subtitles/150.srt,https://www.youtube.com/watch?v=nnqTJJIsPcs,N
151,151.0,151.0,PinchList: Leveraging Pinch Gestures for Hierarchical List Navigation on Smartphones,,./video/151.mp4,./__subtitles/151.srt,https://www.youtube.com/watch?v=xKiafBCecq4,N
152,152.0,152.0,Experimental Analysis of Barehand Mid-air Mode-Switching Techniques in Virtual Reality,,./video/152.mp4,./__subtitles/152.srt,https://www.youtube.com/watch?v=-Dc3O10xP1g,N
153,153.0,153.0,What is Mixed Reality?,,./video/153.mp4,./__subtitles/153.srt,https://www.youtube.com/watch?v=5QDzTIYJSko,N
154,154.0,154.0,SwarmHaptics: Haptic Display with Swarm Robots,,./video/154.mp4,./__subtitles/154.srt,https://www.youtube.com/watch?v=N1wp2Bmb-pk,N
155,155.0,155.0,"On the Internet, Nobody Knows You're a Dog... Unless You're Another Dog",,./video/155.mp4,./__subtitles/155.srt,https://www.youtube.com/watch?v=ClU087JidS4,N
156,156.0,156.0,Gehna: Exploring the Design Space of Jewelry as an Input Modality,,./video/156.mp4,./__subtitles/156.srt,https://www.youtube.com/watch?v=gYRPXoRYtXU,N
157,157.0,157.0,Interpreting the Diversity in Subjective Judgments,,./video/157.mp4,./__subtitles/157.srt,https://www.youtube.com/watch?v=pS7CzHfawDU,N
158,158.0,158.0,The Inflatable Cat: Idiosyncratic Ideation of Smart Objects for the Home,,./video/158.mp4,./__subtitles/158.srt,https://www.youtube.com/watch?v=T6YrqVa37eM,N
159,159.0,159.0,"NVGaze: An Anatomically-Informed Dataset for Low-Latency, Near-Eye Gaze Estimation",,./video/159.mp4,./__subtitles/159.srt,https://www.youtube.com/watch?v=iImH1TmSU1I,N
160,160.0,160.0,Typing on Split Keyboards with Peripheral Vision,,./video/160.mp4,./__subtitles/160.srt,https://www.youtube.com/watch?v=gC8rh55AhqE,N
161,161.0,161.0,Apprise: Supporting the Critical-Agency of Victims of Human Trafficking in Thailand,,./video/161.mp4,./__subtitles/161.srt,https://www.youtube.com/watch?v=VZSn47dkw8Y,N
162,162.0,162.0,A Practice-Led Account of the Conceptual Evolution of UX Knowledge,,./video/162.mp4,./__subtitles/162.srt,https://www.youtube.com/watch?v=8-tdWf0osyg,N
163,163.0,163.0,Who Would You Like to Work With?,,./video/163.mp4,./__subtitles/163.srt,https://www.youtube.com/watch?v=G9LaeogFpHw,N
164,164.0,164.0,SmartEye: Assisting Instant Photo Taking via Integrating User Preference with Deep View Proposal ...,,./video/164.mp4,./__subtitles/164.srt,https://www.youtube.com/watch?v=-_BKrNA8Y1o,N
165,165.0,165.0,"Pay Attention, Please: Formal Language Improves Attention in Volunteer and Paid Online Experiments",,./video/165.mp4,./__subtitles/165.srt,https://www.youtube.com/watch?v=-RN2JEPn8dE,N
166,166.0,166.0,Designing Second-Screening Experiences for Social Co-Selection and Critical Co-Viewing of Reality TV,,./video/166.mp4,./__subtitles/166.srt,https://www.youtube.com/watch?v=Bf1BDRRKATk,N
167,167.0,167.0,Sketching NLP: A Case Study of Exploring the Right Things To Design with Language Intelligence,,./video/167.mp4,./__subtitles/167.srt,https://www.youtube.com/watch?v=kfqe3KxwYMg,N
168,168.0,168.0,­Understanding the Boundaries between Policymaking and HCI,,./video/168.mp4,./__subtitles/168.srt,https://www.youtube.com/watch?v=KxbSdQJ3Utc,N
169,169.0,169.0,HCI and Affective Health: Taking stock of a decade of studies and charting future research ...,,./video/169.mp4,./__subtitles/169.srt,https://www.youtube.com/watch?v=IlAAXSIb4WA,N
170,170.0,,"Moving Towards a Journal-centric Publication Model for CHI: Possible Paths, Opportunities and Risks",,./video/170.mp4,./__subtitles/170.srt,https://www.youtube.com/watch?v=nFP3wmfP5cY,N
171,171.0,,Face and Ecological Validity in Simulations: Lessons from Search-and-Rescue HRI,,./video/171.mp4,./__subtitles/171.srt,https://www.youtube.com/watch?v=osZ5BxMpyNE,N
172,172.0,,Improving Early Navigation in Time-Lapse Video with Spread-Frame Loading,,./video/172.mp4,./__subtitles/172.srt,https://www.youtube.com/watch?v=G-LMD3Ro_hQ,N
173,173.0,,"Expression of Curiosity in Social Robots: Design, Perception, and Effects on Behaviour",,./video/173.mp4,./__subtitles/173.srt,https://www.youtube.com/watch?v=sQEO8m9S3_Q,N
174,174.0,,App Usage Predicts Cognitive Ability in Older Adults,,./video/174.mp4,./__subtitles/174.srt,https://www.youtube.com/watch?v=8SblmVsILGM,N
175,175.0,,Geppetto: Enabling Semantic Design of Expressive Robot Behaviors,,./video/175.mp4,./__subtitles/175.srt,https://www.youtube.com/watch?v=B7_x0v_g8ZE,N
176,176.0,,RePlay: Contextually Presenting Learning Videos Across Software Applications,,./video/176.mp4,./__subtitles/176.srt,https://www.youtube.com/watch?v=6El5_sJi3pc,N
177,177.0,,"The Channel Matters: Self-disclosure, Reciprocity and Social Support in Online Cancer Support Groups",,./video/177.mp4,./__subtitles/177.srt,https://www.youtube.com/watch?v=T_Mwwn7SVRY,N
178,178.0,,Trigger-Action Programming for Personalising Humanoid Robot Behaviour,,./video/178.mp4,./__subtitles/178.srt,https://www.youtube.com/watch?v=zJdtDwiQhOw,N
179,179.0,,Measuring and Understanding Photo Sharing Experiences in Social Virtual Reality,,./video/179.mp4,./__subtitles/179.srt,https://www.youtube.com/watch?v=XaGScDQIRdA,N
180,180.0,,LightBee: A Self-Levitating Light Field Display for Hologrammatic Telepresence,,./video/180.mp4,./__subtitles/180.srt,https://www.youtube.com/watch?v=LI72O_MSQQI,N
181,181.0,,TrackCap: Enabling Smartphones for 3D Interaction on Mobile Head-Mounted Displays,,./video/181.mp4,./__subtitles/181.srt,https://www.youtube.com/watch?v=De4AH4Qic64,N
182,182.0,,Managing Multimorbidity: Identifying Design Requirements for a Digital Self-Management Tool to ...,,./video/182.mp4,./__subtitles/182.srt,https://www.youtube.com/watch?v=kEaxI3HW6SY,N
183,183.0,,Talking about Chat at Work in the Global South: An Ethnographic Study of Chat Use in India and Kenya,,./video/183.mp4,./__subtitles/183.srt,https://www.youtube.com/watch?v=osN2CmmGooM,N
184,184.0,,Decision-Making Under Uncertainty in Research Synthesis: Designing for the Garden of Forking Paths,,./video/184.mp4,./__subtitles/184.srt,https://www.youtube.com/watch?v=Yzdqy7WR3Fg,N
185,185.0,,Multi-Modal Approaches for Post-Editing Machine Translation,,./video/185.mp4,./__subtitles/185.srt,https://www.youtube.com/watch?v=zLhOWls-qQY,N
186,186.0,,Beyond Dyadic Interactions: Considering Chatbots as Community Members,,./video/186.mp4,./__subtitles/186.srt,https://www.youtube.com/watch?v=KBwVGxg_ofU,N
187,187.0,,Assisted Shifting of Electricity Use: A Long-Term Study of Managing Residential Heating,,./video/187.mp4,./__subtitles/187.srt,https://www.youtube.com/watch?v=giD37cbtetY,N
188,188.0,,The Effect of Stereo Display Deficiencies on Virtual Hand Pointing,,./video/188.mp4,./__subtitles/188.srt,https://www.youtube.com/watch?v=GgvkVb2Ufuw,N
189,189.0,,"We Did It Right, But It Was Still Wrong: Toward Assets-Based Design",,./video/189.mp4,./__subtitles/189.srt,https://www.youtube.com/watch?v=3uGcWUBTLck,N
190,190.0,,Models of Minds: Reading the Mind Beyond the Brain,,./video/190.mp4,./__subtitles/190.srt,https://www.youtube.com/watch?v=-uevB5PsTgQ,N
191,191.0,,"""Everyone Has Some Personal Stuff"": Designing to Support Digital Privacy with Shared Mobile Phone...",,./video/191.mp4,./__subtitles/191.srt,https://www.youtube.com/watch?v=0Mc4Dau78n4,N
192,,,Sharing Economy Design Cards,,./video/192.mp4,./__subtitles/192.srt,https://www.youtube.com/watch?v=sETxCr8Bsr0,N
193,,,Comparing Data from Chatbot and Web Surveys: Effects of Platform and Conversational Style on ...,,./video/193.mp4,./__subtitles/193.srt,https://www.youtube.com/watch?v=IbdzG56UUTk,N
194,,,Socio-technical Dynamics: Cooperation of Emergent and Established Organisations in Crises and ...,,./video/194.mp4,./__subtitles/194.srt,https://www.youtube.com/watch?v=JBnm7qLwTOE,N
195,,,Warping Deixis: Distorting Gestures to Enhance Collaboration,,./video/195.mp4,./__subtitles/195.srt,https://www.youtube.com/watch?v=tlygIewA5Ww,N
196,,,Co-Performing Agent: Design for Building User-Agent Partnership in Learning and Adaptive Services,,./video/196.mp4,./__subtitles/196.srt,https://www.youtube.com/watch?v=glSj2c315N4,N
197,,,When Do People Trust Their Social Groups?,,./video/197.mp4,./__subtitles/197.srt,https://www.youtube.com/watch?v=f1PaEZ74MTk,N
198,,,Gabber: Supporting Voice in Participatory Qualitative Practices,,./video/198.mp4,./__subtitles/198.srt,https://www.youtube.com/watch?v=w7FcZBXccO4,N
199,,,"Chatbots, Humbots, and the Quest for Artificial General Intelligence",,./video/199.mp4,./__subtitles/199.srt,https://www.youtube.com/watch?v=vLLFE9KF964,N
200,,,Opportunities for Automating Email Processing: A Need-Finding Study,,./video/200.mp4,./__subtitles/200.srt,https://www.youtube.com/watch?v=gQUIl3DMoyk,N
201,,,"""Wait, Do I Know This Person?"": Understanding Misdirected Email",,./video/201.mp4,./__subtitles/201.srt,https://www.youtube.com/watch?v=WYasoojGh88,N
202,,,Explaining Decision-Making Algorithms through UI: Strategies to Help Non-Expert Stakeholders,,./video/202.mp4,./__subtitles/202.srt,https://www.youtube.com/watch?v=asIS1InULmQ,N
203,,,Of Mice and Pants: Queering the Conventional Gamer Mouse for Cooperative Play,,./video/203.mp4,./__subtitles/203.srt,https://www.youtube.com/watch?v=njDAgaLvLfo,N
204,,,"Examining the ""Global"" Language of Emojis: Designing for Cultural Representation",,./video/204.mp4,./__subtitles/204.srt,https://www.youtube.com/watch?v=awM5fZc8LSU,N
205,,,Symbiotic Encounters: HCI and Sustainable Agriculture,,./video/205.mp4,./__subtitles/205.srt,https://www.youtube.com/watch?v=yXs888XZaX8,N
206,,,"How we Guide, Write, and Cite at CHI",,./video/206.mp4,./__subtitles/206.srt,https://www.youtube.com/watch?v=F0ZT_qjcwbc,N
207,,,Encumbered Interaction: a Study of Musicians Preparing to Perform,,./video/207.mp4,./__subtitles/207.srt,https://www.youtube.com/watch?v=bh3YuiMqx84,N
208,,,Should I Agree? Delegating Consent Decisions Beyond the Individual,,./video/208.mp4,./__subtitles/208.srt,https://www.youtube.com/watch?v=AcxoNmXFYvw,N
209,,,The Right to the Sustainable Smart City,,./video/209.mp4,./__subtitles/209.srt,https://www.youtube.com/watch?v=MaPFc720eaA,N
210,,,Interstices: Sustained Spatial Relationships between Hands and Surfaces Reveal Anticipated Action,,./video/210.mp4,./__subtitles/210.srt,https://www.youtube.com/watch?v=5MoDQb_KI14,N
211,,,WhatFutures: Designing Large-Scale Engagements on WhatsApp,,./video/211.mp4,./__subtitles/211.srt,https://www.youtube.com/watch?v=bb7mHEiThJg,N
212,,,The Race Towards Digital Wellbeing: Issues and Opportunities,,./video/212.mp4,./__subtitles/212.srt,https://www.youtube.com/watch?v=ToSG6rYCOJA,N
213,,,Patching Gender: Non-binary Utopias in HCI,,./video/213.mp4,./__subtitles/213.srt,https://www.youtube.com/watch?v=SQozcPAftps,N
